filename,chroma_stft,spectral_centroid,spectral_bandwidth,rolloff,zero_crossing_rate,mfcc_1,mfcc_2,mfcc_3,mfcc_4,mfcc_5,mfcc_6,mfcc_7,mfcc_8,mfcc_9,mfcc_10,mfcc_11,mfcc_12,mfcc_13,mfcc_14,mfcc_15,mfcc_16,mfcc_17,mfcc_18,mfcc_19,mfcc_20,label
blues.00000.wav,0.34994322061538696,1784.4204464946633,2002.6501916232635,3806.4853160373937,0.08306639113293343,-113.59674835205078,121.55729675292969,-19.158824920654297,42.35102844238281,-6.376458168029785,18.61887550354004,-13.697911262512207,15.34463119506836,-12.285266876220703,10.980491638183594,-8.324324607849121,8.8106689453125,-3.667367935180664,5.751690864562988,-5.162762641906738,0.7509478330612183,-1.6919375658035278,-0.4099525809288025,-2.300208568572998,1.219928503036499,blues
blues.00001.wav,0.34098321199417114,1529.8353159300755,2038.6175789692213,3548.8202074363876,0.056044256724071206,-207.55679321289062,124.00672149658203,8.930560111999512,35.87468338012695,2.91603684425354,21.523725509643555,-8.554703712463379,23.358673095703125,-10.103615760803223,11.903743743896484,-5.560388088226318,5.376802921295166,-2.239119529724121,4.216963291168213,-6.01227331161499,0.9361094236373901,-0.7165371775627136,0.29387590289115906,-0.28743088245391846,0.5315728187561035,blues
blues.00002.wav,0.3636028468608856,1552.4819582458863,1747.1659849613065,3040.514947755418,0.07630074799245357,-90.75438690185547,140.45989990234375,-29.109968185424805,31.68901252746582,-13.987035751342773,25.754758834838867,-13.64958667755127,11.629270553588867,-11.78058910369873,9.706442832946777,-13.1231107711792,5.789265155792236,-8.905223846435547,-1.0837199687957764,-9.218358039855957,2.455806016921997,-7.726901054382324,-1.815722942352295,-3.433434247970581,-2.2268214225769043,blues
blues.00003.wav,0.40477898716926575,1070.1199533246056,1596.333947762686,2185.028454098539,0.03330894446594427,-199.43115234375,150.09921264648438,5.647593021392822,26.87192726135254,1.754461407661438,14.2383451461792,-4.830882549285889,9.297966003417969,-0.7577416300773621,8.149012565612793,-3.1963140964508057,6.087676048278809,-2.4764208793640137,-1.0738900899887085,-2.8747775554656982,0.7809770107269287,-3.316932439804077,0.6379817128181458,-0.6196900010108948,-3.408233404159546,blues
blues.00004.wav,0.3085901141166687,1835.4946028033319,1748.3624480992835,3580.945013182082,0.1015001421004257,-160.2660369873047,126.19879913330078,-35.60544967651367,22.153301239013672,-32.4892692565918,10.86451244354248,-23.357929229736328,0.5031179785728455,-11.805832862854004,1.206804871559143,-13.083822250366211,-2.8063836097717285,-6.9341230392456055,-7.558618068695068,-9.173553466796875,-4.51216459274292,-5.453538417816162,-0.9241607785224915,-4.409332275390625,-11.703781127929688,blues
blues.00005.wav,0.30234643816947937,1831.9423675966689,1729.483241126701,3480.9372845818016,0.09403986975135449,-177.86904907226562,118.19690704345703,-17.550674438476562,30.758634567260742,-21.742746353149414,11.903802871704102,-20.7342472076416,3.1805975437164307,-8.583483695983887,-0.9364873170852661,-11.776274681091309,-2.420614004135132,-9.339365005493164,-9.939324378967285,-3.9098920822143555,-5.570623874664307,-1.839023232460022,-2.7784206867218018,-3.046865940093994,-8.115808486938477,blues
blues.00006.wav,0.2913080155849457,1459.0784827344287,1388.9133116502305,2795.6164286232583,0.07302790308146284,-190.1494598388672,130.2969512939453,-36.344139099121094,33.0130500793457,11.106935501098633,-0.6151583790779114,-20.862009048461914,0.27009108662605286,-6.489759922027588,-5.517093181610107,-7.840328216552734,-3.125678300857544,-6.593118190765381,-9.942267417907715,-6.537224292755127,-10.064753532409668,-10.912171363830566,-6.972477912902832,-3.449033498764038,-6.495510101318359,blues
blues.00007.wav,0.30792105197906494,1451.7541466600387,1577.3699166309077,2955.348796076819,0.06143500266060371,-179.3954315185547,136.45924377441406,-26.656362533569336,39.9880256652832,5.289677143096924,10.92442798614502,-20.5618896484375,8.513765335083008,-11.356908798217773,-3.4690773487091064,-8.414555549621582,-6.954826354980469,-3.5445356369018555,-8.051241874694824,-8.9595365524292,-8.424336433410645,-10.558883666992188,-10.78815746307373,-4.693748474121094,-8.638612747192383,blues
blues.00008.wav,0.40903714299201965,1719.2131626636947,2031.6438835817446,3781.318801549197,0.06402757957623839,-121.36102294921875,122.51310729980469,-14.742128372192383,46.1434440612793,-8.165332794189453,20.176525115966797,-19.172475814819336,23.05561637878418,-11.8305025100708,21.1770076751709,-6.721189975738525,7.010944843292236,-12.74183177947998,5.066004276275635,-5.175477981567383,-1.4440242052078247,-7.037069320678711,2.69745135307312,3.40980863571167,-2.698352813720703,blues
blues.00009.wav,0.27400922775268555,1817.5163862399386,1973.7390701415939,3944.451148443547,0.0792153184258901,-213.18080139160156,115.15279388427734,-11.716266632080078,39.02946853637695,-20.35275650024414,13.082405090332031,-9.173482894897461,9.016148567199707,-14.097914695739746,4.2781782150268555,-6.039595127105713,3.78477144241333,0.22566747665405273,-5.113637447357178,-0.41306421160697937,-1.1845371723175049,-1.9207146167755127,-2.2937276363372803,2.891265869140625,-4.233204364776611,blues
blues.00010.wav,0.30395451188087463,1410.4690961427957,1512.6209828983224,2767.2749333337365,0.06298072271671827,-173.70750427246094,137.15640258789062,-23.766517639160156,26.989370346069336,-16.66842269897461,4.198450565338135,-12.566630363464355,5.834843158721924,-2.8817362785339355,-1.2086807489395142,-1.9657363891601562,1.8005352020263672,-2.988374710083008,-1.8693885803222656,-0.800155520439148,-3.0237815380096436,-0.44519609212875366,-1.9982273578643799,-0.7435987591743469,-4.986112594604492,blues
blues.00011.wav,0.36713749170303345,1353.2604615658556,1757.2309414323688,2882.224238251016,0.04395891785990712,-287.9149475097656,123.98007202148438,5.459750652313232,33.67809295654297,1.0919146537780762,14.70447063446045,-4.898553371429443,8.654901504516602,0.7840479612350464,6.570927143096924,-4.878658294677734,-3.18086576461792,-5.556420803070068,-6.789626598358154,-2.644639730453491,-2.9849259853363037,-3.3852009773254395,-1.8563894033432007,1.8361506462097168,-4.8974199295043945,blues
blues.00012.wav,0.269320011138916,1361.045467327888,1567.8045957296185,2739.6251005284926,0.06912392064144737,-207.2080841064453,132.79917907714844,-15.438984870910645,60.98672103881836,0.7258076071739197,12.437826156616211,1.1838363409042358,-1.5407804250717163,-17.888153076171875,8.358494758605957,-2.4520671367645264,-0.6132484078407288,0.3848775327205658,2.6051273345947266,-5.1889238357543945,-9.527454376220703,-9.244394302368164,-2.848273277282715,-1.4187068939208984,-5.9326066970825195,blues
blues.00013.wav,0.26461586356163025,1324.3043562121861,1827.737535376297,2710.033612797504,0.051417300575657895,-209.7892608642578,124.45844268798828,10.310378074645996,47.01800537109375,6.510235786437988,15.405449867248535,-1.9927109479904175,6.717406749725342,-21.554195404052734,10.72171688079834,-5.524966716766357,-2.2059340476989746,-3.0381929874420166,8.645516395568848,-0.3042304813861847,-0.6377423405647278,-2.939884901046753,-1.7059216499328613,-1.7695900201797485,-7.762957572937012,blues
blues.00014.wav,0.32916271686553955,1172.0656952451861,1705.817501524207,2344.952487059791,0.045045834945820436,-305.7051696777344,113.06092834472656,12.118721008300781,45.03000259399414,17.769756317138672,14.579917907714844,4.166732311248779,0.22527414560317993,-7.021747589111328,13.644270896911621,8.934528350830078,1.2984784841537476,5.954477310180664,8.543867111206055,1.1176637411117554,0.5915592908859253,0.05747409537434578,-3.712341070175171,-1.0044476985931396,-1.8024343252182007,blues
blues.00015.wav,0.2703125476837158,1420.529293495708,1731.1922519421796,2930.540612755176,0.0637176797116873,-238.5189666748047,120.08455657958984,-4.2278852462768555,42.307071685791016,5.9209089279174805,13.919159889221191,5.361618518829346,1.9018335342407227,-16.933202743530273,12.345273971557617,3.9470155239105225,-1.3848226070404053,0.021880488842725754,3.5866940021514893,-4.503951549530029,-5.5422682762146,-6.888212203979492,-4.828141689300537,1.7350057363510132,-1.8888145685195923,blues
blues.00016.wav,0.304322212934494,1455.0016722776375,1825.885414606472,3009.856799807711,0.061350725014512386,-233.7635955810547,120.67350769042969,-3.1710851192474365,39.540992736816406,3.8574562072753906,18.840429306030273,-3.6918249130249023,4.431853771209717,-14.978043556213379,17.567649841308594,1.8400661945343018,2.5373289585113525,-1.2404547929763794,8.439245223999023,-0.21069179475307465,-3.906118392944336,-4.478782653808594,-0.012436149641871452,1.2936134338378906,-2.08479642868042,blues
blues.00017.wav,0.30209627747535706,1088.6981660809784,1410.9479544080614,2134.41209350208,0.04832397083010836,-245.75643920898438,140.4859161376953,-2.7647712230682373,60.43620681762695,18.937946319580078,9.833540916442871,3.563889265060425,0.5326857566833496,-16.37224006652832,6.63007926940918,7.268407821655273,-4.00889253616333,1.6082537174224854,5.899378299713135,-3.022785186767578,-4.772989273071289,-3.0257863998413086,-1.9939384460449219,-0.05545884743332863,-3.9753496646881104,blues
blues.00018.wav,0.26992928981781006,1537.6571825463043,2054.7791131062218,3495.653862259336,0.056131935710139316,-252.5339813232422,104.927490234375,15.3535795211792,42.65663528442383,6.7783989906311035,21.618892669677734,-1.2996833324432373,5.68436861038208,-16.614656448364258,12.166092872619629,-1.953307867050171,1.9605573415756226,-0.8814347386360168,7.778603553771973,2.390254497528076,1.774140477180481,1.3393173217773438,3.6306991577148438,4.910860061645508,-2.651944160461426,blues
blues.00019.wav,0.257259339094162,1195.4116396780203,1481.2842588449475,2234.878152664232,0.05887114817143963,-236.66534423828125,138.4090576171875,-4.903461456298828,47.62458038330078,5.17925500869751,8.879487991333008,0.5071057081222534,-3.8182735443115234,-14.977520942687988,10.420425415039062,-0.35118192434310913,0.7778295874595642,1.777306318283081,4.235422611236572,-0.4633505642414093,-6.105691909790039,-5.382381439208984,-1.3375855684280396,-3.719717502593994,-4.353154182434082,blues
blues.00020.wav,0.30273228883743286,1389.9555104108995,1911.4851516926433,3005.773491165586,0.05256015080785604,-230.41299438476562,127.09418487548828,7.151100158691406,39.78208923339844,1.9511324167251587,17.41168785095215,-5.625576019287109,8.252520561218262,-18.10535430908203,13.83934211730957,-3.763584852218628,2.5612432956695557,-4.329452037811279,6.817759990692139,-6.157659530639648,-6.214757442474365,-4.515433311462402,-1.850598931312561,-0.5390560030937195,1.508026361465454,blues
blues.00021.wav,0.32108479738235474,1046.748840021369,1480.933763635751,1830.7889294698143,0.04793735185274768,-264.6983947753906,138.85597229003906,11.186485290527344,48.52033996582031,14.915178298950195,20.572824478149414,3.207815170288086,1.2471708059310913,-15.846407890319824,15.986908912658691,3.368813991546631,-1.5201287269592285,1.8947263956069946,6.325551509857178,-0.9866068363189697,-2.4128592014312744,-3.683062791824341,0.49694544076919556,5.046815872192383,-0.7800096273422241,blues
blues.00022.wav,0.30645084381103516,1156.070496382047,1497.6681759683638,2170.053544649768,0.05861340218653251,-233.86077880859375,136.17022705078125,3.2894880771636963,48.93119430541992,8.699104309082031,13.954752922058105,5.359447002410889,0.38133499026298523,-13.490264892578125,16.871767044067383,5.145257472991943,-2.250577211380005,3.959197521209717,5.322554588317871,0.8120282292366028,-1.1072007417678833,-4.556555271148682,-2.4364893436431885,3.3169126510620117,-0.6084851622581482,blues
blues.00023.wav,0.2807143032550812,1210.1979170105503,1497.8228092446402,2522.1014158644543,0.052482675841718264,-227.26478576660156,137.7623748779297,-14.500459671020508,63.55687713623047,5.626697540283203,11.961590766906738,1.9062201976776123,-1.880766749382019,-7.609113693237305,-2.4705939292907715,-2.884145975112915,-9.43281364440918,-10.916913986206055,3.5694355964660645,4.139582633972168,0.09294740110635757,-2.9729275703430176,-1.3769396543502808,7.5504984855651855,-3.0325186252593994,blues
blues.00024.wav,0.2631285786628723,1120.3876188758716,1447.8399338058703,2325.1026070892995,0.047297899937113,-274.28875732421875,130.41741943359375,-6.394801139831543,70.41067504882812,13.265854835510254,9.463105201721191,7.723187446594238,-1.2453467845916748,-0.5750207304954529,-2.299992561340332,3.783482074737549,0.08091485500335693,-0.9396823644638062,2.295372724533081,4.290512561798096,-1.6619253158569336,-10.444823265075684,-6.797825813293457,-1.068164348602295,-1.596130132675171,blues
blues.00025.wav,0.29094842076301575,1109.5696272816494,1463.2881312997417,2243.569766773897,0.05172493288022446,-249.281982421875,130.9979248046875,0.6654366254806519,66.69611358642578,17.905895233154297,4.622958183288574,6.610037326812744,1.245374321937561,1.4191752672195435,-1.5842933654785156,-0.9741591811180115,-3.5750646591186523,-2.926914930343628,4.598685264587402,7.478115081787109,-0.17876870930194855,-2.818857431411743,-2.667635440826416,0.7516668438911438,-0.5331790447235107,blues
blues.00026.wav,0.2784844636917114,1198.6076653608025,1573.3089743924036,2478.3766802619484,0.051987591911764705,-284.81951904296875,108.78562927246094,9.131957054138184,51.2590217590332,18.111255645751953,7.621315956115723,8.781747817993164,2.3724257946014404,0.011786493472754955,2.2504167556762695,4.200277805328369,-3.303734302520752,1.6015605926513672,2.6605165004730225,3.3234546184539795,3.2589197158813477,-4.551105976104736,0.49384528398513794,5.937065601348877,3.231544256210327,blues
blues.00027.wav,0.2887210249900818,1391.367709556042,1494.8924390357824,2811.108001614503,0.07235897288602941,-228.22799682617188,130.35354614257812,-23.297618865966797,70.17366790771484,1.1370587348937988,7.609718322753906,0.9150071144104004,1.9893203973770142,-6.161290645599365,-9.39074420928955,-2.566143274307251,-4.523860931396484,-0.2667345404624939,0.181102454662323,-1.5130575895309448,1.4609510898590088,-6.976430416107178,-8.318999290466309,4.241006851196289,0.9796817302703857,blues
blues.00028.wav,0.275974303483963,1115.7291159941328,1398.954703655198,2290.444483328899,0.04802843217879257,-248.96766662597656,139.0384521484375,-16.249238967895508,57.098114013671875,20.19635772705078,10.160564422607422,4.58017635345459,0.3398153483867645,-7.867882251739502,-3.466306209564209,-2.6406290531158447,-2.8440945148468018,-0.8933254480361938,-2.40165114402771,2.572720766067505,-5.873961448669434,-12.40827465057373,-7.301890850067139,-0.9324048757553101,-2.699272871017456,blues
blues.00029.wav,0.2804564833641052,1649.2937714648365,2190.2483057567983,3761.42725516399,0.05292636174535604,-233.724609375,101.18360137939453,17.650270462036133,23.734355926513672,2.0793707370758057,25.94029426574707,-16.967710494995117,15.0941743850708,-22.278789520263672,4.400508403778076,-23.201637268066406,-6.046125888824463,-5.065351963043213,1.0731730461120605,-5.780492782592773,-8.305594444274902,-11.386345863342285,-6.725314617156982,-10.027706146240234,-14.03526782989502,blues
blues.00030.wav,0.26301610469818115,1379.0817422026958,2004.0008502510473,3015.831763677922,0.03937580120452786,-206.9875946044922,117.7814712524414,23.256244659423828,28.294065475463867,-1.0995973348617554,18.86493682861328,-21.95370864868164,17.85511589050293,-25.583354949951172,2.1285505294799805,-17.789052963256836,-8.015466690063477,-17.61634063720703,-8.138553619384766,-8.646156311035156,-15.538987159729004,-15.331504821777344,-9.664871215820312,-10.103309631347656,-17.835100173950195,blues
blues.00031.wav,0.25348711013793945,1331.0739701050652,1973.6434372895212,2900.174129710478,0.04296723829334365,-221.8025360107422,110.84307098388672,18.62098503112793,30.92299461364746,3.291330337524414,22.587444305419922,-20.41830062866211,12.120993614196777,-26.34795570373535,-4.356271266937256,-26.406673431396484,-13.037723541259766,-12.652226448059082,-1.8219058513641357,-7.260096549987793,-6.660251617431641,-14.682692527770996,-11.719264030456543,-11.025215148925781,-13.387259483337402,blues
blues.00032.wav,0.27631717920303345,1309.4245640139256,1882.9193674570306,2764.099952532411,0.03939318583107585,-288.8017272949219,105.89962005615234,18.79132080078125,23.688488006591797,5.705110549926758,25.54915428161621,-13.467205047607422,12.42473316192627,-11.943818092346191,1.5754987001419067,-15.636261940002441,-6.665246963500977,-11.718799591064453,-2.952338457107544,-7.380499362945557,-15.693589210510254,-10.958547592163086,-10.877395629882812,-18.504186630249023,-19.110740661621094,blues
blues.00033.wav,0.2606687545776367,1430.5820034726314,2075.6023434985827,3246.730367465654,0.04196988982681889,-239.0109100341797,108.6692123413086,34.149349212646484,30.2427921295166,-0.4709964990615845,27.296512603759766,-21.389083862304688,14.155844688415527,-24.505630493164062,-1.8768200874328613,-28.052265167236328,-11.25826358795166,-16.484100341796875,-7.636357307434082,-12.79629135131836,-15.352030754089355,-13.732282638549805,-7.400160789489746,-10.083953857421875,-13.285140991210938,blues
blues.00034.wav,0.2622484564781189,1536.7830758847115,2157.1380999035537,3601.0282250749806,0.04570040392801858,-217.21119689941406,105.79116821289062,15.618613243103027,25.263059616088867,-1.4379987716674805,30.19539451599121,-17.713642120361328,17.32149887084961,-27.20954132080078,4.3398284912109375,-20.063430786132812,-10.695903778076172,-14.224881172180176,-5.156212329864502,-3.471578359603882,-6.1842780113220215,-15.325319290161133,-6.845778942108154,-9.82835578918457,-13.941390991210938,blues
blues.00035.wav,0.28833019733428955,1506.9793924502912,2096.6376311044596,3404.796078330592,0.045430186363196595,-171.7860565185547,120.28023529052734,15.336581230163574,21.097278594970703,-5.410020351409912,24.192474365234375,-24.140308380126953,18.545324325561523,-22.35298728942871,1.302639126777649,-20.76129150390625,-4.9845452308654785,-17.11959457397461,-7.898076057434082,-15.321157455444336,-9.350150108337402,-8.906129837036133,-8.51696491241455,-14.330010414123535,-19.93520164489746,blues
blues.00036.wav,0.2332303822040558,1247.2448150487867,1908.0527219040412,2620.5924869690884,0.03690378289473684,-200.22073364257812,116.34517669677734,18.0607852935791,25.288818359375,0.31582576036453247,24.176776885986328,-22.22307777404785,11.183144569396973,-26.84191131591797,-7.6436567306518555,-24.87203598022461,-12.015284538269043,-17.00924301147461,-8.115376472473145,-11.959012985229492,-12.617976188659668,-14.187779426574707,-8.204475402832031,-15.024767875671387,-10.322151184082031,blues
blues.00037.wav,0.24862739443778992,1188.1683365997978,1682.8601504411133,2339.635852542086,0.04816032858455882,-328.6737976074219,102.69686889648438,19.876062393188477,26.73125457763672,7.1582560539245605,22.716642379760742,-6.956797122955322,12.804351806640625,-10.708748817443848,-0.41934889554977417,-12.36397647857666,-8.897177696228027,-9.238519668579102,-9.109326362609863,-9.003835678100586,-7.64076566696167,-7.190915107727051,-9.368475914001465,-4.470059871673584,-3.68880033493042,blues
blues.00038.wav,0.2658831775188446,1513.4221069919358,2140.6067789034355,3449.6791402621902,0.044378038530379256,-192.66717529296875,111.19076538085938,21.372722625732422,26.398340225219727,-0.6461219191551208,23.48673439025879,-25.464550018310547,16.937732696533203,-16.977054595947266,5.78863525390625,-25.730205535888672,-5.0447258949279785,-17.631820678710938,-7.92168664932251,-15.152403831481934,-12.342545509338379,-17.227766036987305,-7.771727085113525,-13.03395938873291,-17.945749282836914,blues
blues.00039.wav,0.2553207576274872,1151.3404409523787,1709.1939375520124,2312.577682825803,0.03533878857875387,-301.686279296875,111.5392074584961,21.89565658569336,16.14558982849121,8.191590309143066,22.08596420288086,-8.61363697052002,1.4919227361679077,-17.07451820373535,-8.337533950805664,-17.01128578186035,-10.572881698608398,-15.687017440795898,-12.598773002624512,-12.245659828186035,-14.543065071105957,-10.092300415039062,-5.780285358428955,-7.776048183441162,-7.186642169952393,blues
blues.00040.wav,0.39772480726242065,2272.495078762922,2356.8559372971627,5108.319110693208,0.09765700585332818,-110.26008605957031,90.70181274414062,-2.527487277984619,74.05327606201172,-11.747302055358887,39.21467208862305,-13.171818733215332,20.535274505615234,-17.16364288330078,12.828713417053223,-21.433582305908203,5.9524054527282715,-8.033585548400879,4.239867210388184,-16.485551834106445,6.542503356933594,-5.695943832397461,-3.6408634185791016,-4.856883525848389,1.8545167446136475,blues
blues.00041.wav,0.3869504928588867,2390.772194471327,2463.3940883208325,5403.783990724168,0.10228887504837461,-107.1615219116211,88.46617126464844,-4.174954414367676,55.48419189453125,-8.007365226745605,38.41566467285156,-6.399442195892334,28.57448387145996,-19.82057762145996,13.247096061706543,-19.241851806640625,12.072802543640137,-4.580048561096191,3.7917394638061523,-16.99106216430664,11.624589920043945,-7.360203266143799,-3.657302141189575,-7.177438259124756,1.9771921634674072,blues
blues.00042.wav,0.37751907110214233,2302.113047248994,2367.6958747133654,5188.551958869485,0.09786448759191177,-159.54498291015625,69.77960205078125,-4.396419525146484,76.85395050048828,3.9205281734466553,45.17317581176758,-4.866253852844238,32.20197677612305,-9.796957015991211,7.8119049072265625,-21.82759666442871,9.683710098266602,-2.5891244411468506,3.307305335998535,-14.966980934143066,10.235810279846191,-4.084133148193359,-5.850184440612793,-2.474233627319336,6.650417804718018,blues
blues.00043.wav,0.39902549982070923,2155.6549226375455,2372.403604141636,5012.019693002612,0.08716538373161764,-109.16535949707031,100.62149810791016,-8.614720344543457,47.35847473144531,-6.555960178375244,39.61361312866211,-8.518134117126465,29.56467056274414,-16.575960159301758,13.165635108947754,-24.209794998168945,6.5857744216918945,-8.642620086669922,4.912258148193359,-15.442804336547852,1.5387508869171143,-6.732473850250244,1.4177745580673218,-3.9617505073547363,3.2874605655670166,blues
blues.00044.wav,0.3902117609977722,2279.124557649563,2375.1021196780534,5198.360232893528,0.09257049088138544,-109.50928497314453,86.92240142822266,-8.60798454284668,64.49456024169922,-6.304125785827637,43.63951110839844,-8.286752700805664,28.546106338500977,-14.079792022705078,8.125039100646973,-21.49140167236328,11.087479591369629,-5.085792541503906,3.976358413696289,-12.8597412109375,12.343857765197754,0.026217350736260414,-0.7415695786476135,-5.1266188621521,3.303440809249878,blues
blues.00045.wav,0.4295108914375305,1739.0196209456462,2290.4017389215064,4551.155813116777,0.048051863631965945,-163.2111358642578,89.79104614257812,12.979253768920898,80.69127655029297,3.66078519821167,39.74197769165039,-5.403831481933594,26.50049591064453,-13.160740852355957,2.7102129459381104,-20.552356719970703,6.008640289306641,-2.910060405731201,-0.43461230397224426,-17.545473098754883,4.154534816741943,-5.990227222442627,-7.860421657562256,-8.565095901489258,1.857711911201477,blues
blues.00046.wav,0.38785120844841003,1912.506881317534,2361.474653230927,4776.86278163095,0.05842595056114551,-182.63827514648438,90.67678833007812,14.119084358215332,67.5498275756836,2.693213939666748,38.43052673339844,-8.410898208618164,24.127445220947266,-13.781991004943848,4.835996150970459,-16.682029724121094,5.811708450317383,-5.149533271789551,0.19298385083675385,-14.480762481689453,6.862883567810059,-4.442362308502197,-2.9868884086608887,-4.816247940063477,5.400324821472168,blues
blues.00047.wav,0.3364544212818146,2013.3824371007638,2310.3055156159357,4849.49567576311,0.07534497145897832,-149.95169067382812,93.62947845458984,6.3434553146362305,71.5119400024414,-8.107512474060059,36.207252502441406,-9.77667236328125,17.63980484008789,-21.115798950195312,-0.13730818033218384,-22.199283599853516,5.430452346801758,-7.462270259857178,-4.335878372192383,-12.401639938354492,9.624597549438477,-5.01418399810791,-3.704146146774292,2.3425111770629883,4.16107702255249,blues
blues.00048.wav,0.3794276714324951,2148.786199092123,2204.574064458511,4673.6634056634575,0.09881232766544118,-106.31102752685547,102.63095092773438,-20.155122756958008,59.36036682128906,-9.954543113708496,33.689178466796875,-14.170397758483887,23.509998321533203,-13.314067840576172,16.014284133911133,-18.916980743408203,7.821362495422363,-7.788120746612549,4.047834396362305,-11.340938568115234,2.0602176189422607,-5.739424705505371,0.4642563462257385,-1.9090882539749146,-3.1283082962036133,blues
blues.00049.wav,0.2774835228919983,1318.6568216818673,1904.761177180383,3046.6815771333204,0.03997292533378483,-255.9657745361328,110.82304382324219,21.50521469116211,67.57122802734375,4.299803256988525,43.1054573059082,-4.507724761962891,10.42353343963623,-8.694326400756836,1.6581496000289917,-20.593154907226562,-2.4429287910461426,-7.13086462020874,-11.163917541503906,-12.609407424926758,2.7420098781585693,-8.948848724365234,-7.940727710723877,-2.3441567420959473,-0.7056058049201965,blues
blues.00050.wav,0.4008597433567047,1945.8484252463334,2082.2466258883846,4175.874749056695,0.08580598152089783,-82.97901916503906,107.0521240234375,-25.320451736450195,57.12499237060547,0.0854392945766449,34.696800231933594,-11.042019844055176,20.532695770263672,-11.213176727294922,14.834124565124512,-10.229333877563477,12.539581298828125,-9.762303352355957,2.5622525215148926,-6.3008527755737305,2.9967846870422363,-8.71845531463623,-0.326581209897995,-2.980347156524658,0.7126003503799438,blues
blues.00051.wav,0.39375555515289307,1977.1723772350394,1927.803692383919,3942.834491552583,0.1066270952254257,-55.57924270629883,114.93584442138672,-37.05282974243164,64.8965072631836,-7.1393537521362305,15.238384246826172,-16.22261619567871,18.630809783935547,-9.745892524719238,21.46004295349121,-5.641416072845459,12.782317161560059,-16.5286808013916,3.7937872409820557,-7.890870571136475,8.47761058807373,-4.065209865570068,3.207441568374634,-5.178250789642334,-1.279523491859436,blues
blues.00052.wav,0.3390754759311676,1443.2652853188029,1670.3699185470482,3069.356440021527,0.06719384916795666,-225.2697296142578,117.64588928222656,-14.543756484985352,64.80435180664062,12.92746639251709,19.02996253967285,10.684547424316406,9.884661674499512,-2.385688066482544,11.688362121582031,1.5429589748382568,3.0501549243927,-7.630155563354492,-8.957813262939453,-4.352594375610352,-0.062078140676021576,-2.5542187690734863,-3.4375789165496826,-3.866574764251709,1.3165147304534912,blues
blues.00053.wav,0.4125007688999176,2171.221741738743,1954.3837849781357,4237.132711971507,0.13280229598006965,-76.71794891357422,105.7535171508789,-43.18175506591797,60.94584274291992,-8.758630752563477,21.227079391479492,-12.864846229553223,18.603845596313477,-11.38493824005127,14.541765213012695,-6.047970771789551,12.726958274841309,-9.366809844970703,1.3508591651916504,-3.6099724769592285,6.9976091384887695,-4.053007125854492,-0.27142611145973206,-3.696091890335083,-0.5040413737297058,blues
blues.00054.wav,0.45272836089134216,2030.4852237516182,1987.3204157951138,4062.942098611649,0.10338599615421827,-57.97879409790039,108.9891128540039,-36.200199127197266,64.03285217285156,1.4546819925308228,26.300750732421875,-17.470224380493164,20.42356300354004,-9.52649974822998,18.1718692779541,-6.0470290184021,13.862625122070312,-11.28712272644043,4.663285255432129,-6.388998508453369,3.213775634765625,-8.078659057617188,-1.723661184310913,-5.422674655914307,-2.5823659896850586,blues
blues.00055.wav,0.4328361451625824,2032.0949869239075,1976.298013901866,4023.5256702907313,0.11316673822078173,-98.67475128173828,104.79541015625,-35.109561920166016,60.70161819458008,-2.8314034938812256,22.236791610717773,-7.836519718170166,19.030044555664062,-11.581364631652832,17.02094841003418,-5.386073112487793,12.202054977416992,-9.961465835571289,0.35786712169647217,-4.265253067016602,6.134886741638184,-4.830016136169434,1.503692626953125,-1.4912538528442383,3.509777069091797,blues
blues.00056.wav,0.3910585939884186,1811.0760835832946,2052.3325634591984,3927.8095824061534,0.07547951335139319,-145.4345703125,102.82901763916016,-12.517678260803223,56.99346923828125,2.2713463306427,26.591400146484375,-4.27480411529541,17.338809967041016,-7.985593318939209,15.235426902770996,-6.934600353240967,7.457218647003174,-10.470443725585938,-2.360483169555664,-6.783623218536377,2.6711347103118896,-4.7608795166015625,-0.9490039944648743,0.024831624701619148,-2.005314350128174,blues
blues.00057.wav,0.42428362369537354,1886.683619275633,1913.2246226414595,3828.101851991825,0.08992387045278638,-92.74797821044922,115.33953094482422,-35.06427001953125,57.86155319213867,1.8450912237167358,26.616609573364258,-14.55245304107666,22.13325309753418,-8.209146499633789,11.015950202941895,-5.643600940704346,7.277173042297363,-10.205972671508789,1.3321748971939087,-4.105897426605225,0.9783030152320862,-6.553786754608154,-0.6825116872787476,-2.126826524734497,-1.5182433128356934,blues
blues.00058.wav,0.3565881550312042,2068.3711246841767,2033.9300469624955,4231.499412701964,0.10437162889415634,-95.43602752685547,105.2166976928711,-26.95301055908203,60.83086395263672,-4.828222751617432,21.538469314575195,-13.514777183532715,12.122105598449707,-20.233633041381836,12.138656616210938,-5.227018356323242,10.262575149536133,-9.438186645507812,3.8675336837768555,-10.18745231628418,3.588092803955078,-3.100752115249634,0.1945970356464386,0.8428719639778137,-3.416576862335205,blues
blues.00059.wav,0.40596139430999756,2235.906951442543,2100.004334807409,4390.031787411716,0.14228825524864552,-86.22530364990234,91.94844818115234,-23.408658981323242,68.25328826904297,-3.8958728313446045,22.74526023864746,-9.899613380432129,16.895978927612305,-11.397529602050781,18.431676864624023,-7.015263080596924,10.7710542678833,-11.938685417175293,1.0058141946792603,-5.923495769500732,5.3181657791137695,-6.140525817871094,1.948990821838379,-5.102754592895508,-0.6662485003471375,blues
blues.00060.wav,0.4308941662311554,1946.5656516997744,1979.9099336776742,3955.8677460756094,0.09745368130804953,-67.77098083496094,111.70418548583984,-34.6461067199707,61.334896087646484,0.050250500440597534,30.56061363220215,-12.701725006103516,21.15956687927246,-13.131145477294922,16.28229522705078,-6.335245609283447,12.295832633972168,-12.477989196777344,1.6812785863876343,-5.142069339752197,4.644002914428711,-6.919217586517334,1.040719747543335,-4.736871719360352,-0.6600363254547119,blues
blues.00061.wav,0.45190533995628357,2504.026852302045,2180.4386914668808,5077.1526324859715,0.16758439858262383,-82.45470428466797,94.14775848388672,-27.120914459228516,75.65509033203125,-27.509952545166016,35.576210021972656,-20.27853775024414,25.10919952392578,-15.362310409545898,11.329741477966309,-13.398636817932129,8.139762878417969,-8.494856834411621,8.28335952758789,-10.346549034118652,-3.4620606899261475,-5.223507404327393,-2.5958476066589355,-8.363733291625977,-6.978242874145508,blues
blues.00062.wav,0.3117804229259491,2279.8954527175774,2119.7260567369485,4732.338050865906,0.11714895148026316,-144.96792602539062,95.72647857666016,-21.598648071289062,49.6257438659668,-29.88474464416504,29.35317039489746,-18.844486236572266,17.877578735351562,-9.666898727416992,5.50587797164917,-9.546326637268066,6.365177631378174,-21.083877563476562,2.4527623653411865,-9.533538818359375,-1.422650933265686,-9.327804565429688,5.136749744415283,-8.103219032287598,-2.4450275897979736,blues
blues.00063.wav,0.3302375376224518,2839.4531193329985,2444.1440114924962,5711.257131476152,0.15435583155959753,-129.0862579345703,72.1038818359375,-7.749274253845215,49.25196838378906,-32.71150588989258,21.5977840423584,-27.363317489624023,14.991897583007812,-10.247072219848633,12.424758911132812,-17.03021812438965,7.106393337249756,-18.009485244750977,2.922715902328491,-14.476794242858887,4.054748058319092,-14.530604362487793,7.253354549407959,-8.201504707336426,-2.006035566329956,blues
blues.00064.wav,0.3324795961380005,2553.2324147739323,2280.1286685771834,5148.102203463623,0.14685171971749225,-85.1502456665039,88.80671691894531,-16.32261085510254,59.22450637817383,-35.99024200439453,14.38572883605957,-22.308612823486328,9.647322654724121,-14.820338249206543,11.177995681762695,-14.804455757141113,8.4784517288208,-19.590225219726562,6.413209915161133,-13.77966594696045,6.112036228179932,-13.154643058776855,3.933455467224121,-7.615453720092773,3.752624988555908,blues
blues.00065.wav,0.292729914188385,2816.676938173266,2372.1646427132314,5614.4493835260255,0.14631846519446595,-118.33350372314453,74.85385131835938,-19.858367919921875,46.94158172607422,-32.54969787597656,23.827167510986328,-26.361835479736328,17.685264587402344,-13.811254501342773,11.941498756408691,-17.876516342163086,7.544859886169434,-22.888935089111328,4.75972318649292,-12.791629791259766,5.608855247497559,-14.72510814666748,6.684452533721924,-9.159456253051758,-2.2437758445739746,blues
blues.00066.wav,0.37470972537994385,2340.432873382551,2256.538115173274,4972.503265286377,0.1217751517753483,-116.51740264892578,97.43028259277344,-13.8801908493042,48.96675491333008,-22.58224105834961,27.753969192504883,-20.228649139404297,18.630767822265625,-14.64288330078125,8.473098754882812,-16.644655227661133,10.998190879821777,-13.861800193786621,9.735366821289062,-5.089487552642822,2.6346378326416016,-9.88381576538086,6.159058570861816,-7.682608127593994,-4.852478981018066,blues
blues.00067.wav,0.33792218565940857,2258.538418665696,2176.031189289768,4755.429577901267,0.11276500217685759,-95.42442321777344,101.36865234375,-20.682497024536133,48.65547180175781,-30.258638381958008,20.80252456665039,-18.303756713867188,14.134915351867676,-12.787579536437988,13.433699607849121,-14.072365760803223,7.723719596862793,-19.224145889282227,2.8563709259033203,-9.809444427490234,6.911755561828613,-11.303162574768066,8.940704345703125,-2.9596383571624756,-0.9754288196563721,blues
blues.00068.wav,0.2899323105812073,2513.716817329612,2345.23061418645,5247.443269428454,0.13514619715073528,-113.16776275634766,88.70933532714844,-8.925342559814453,49.487491607666016,-34.58000564575195,15.865089416503906,-17.74437713623047,14.714099884033203,-11.207615852355957,15.366562843322754,-15.081730842590332,8.748787879943848,-18.63089942932129,5.474216938018799,-9.267430305480957,8.017963409423828,-9.552074432373047,5.873594284057617,-4.402834892272949,3.6153481006622314,blues
blues.00069.wav,0.2918843924999237,2371.099277792781,2209.699345771831,5004.1114074895995,0.12514096664570434,-121.4088363647461,96.10608673095703,-19.61325454711914,48.011653900146484,-38.798702239990234,24.746747970581055,-32.93358612060547,8.09936237335205,-17.798166275024414,6.1094489097595215,-19.986543655395508,6.793615818023682,-19.333881378173828,-0.11444699019193649,-12.250432014465332,-4.927437782287598,-10.40958023071289,-2.049565553665161,-1.768210768699646,-3.962158679962158,blues
blues.00070.wav,0.32273417711257935,2159.5466535253163,2130.3768258746386,4685.046670163748,0.0983489895752709,-133.0159912109375,105.72269439697266,-22.13897132873535,41.8186149597168,-26.988737106323242,19.122447967529297,-26.566394805908203,19.239803314208984,-15.332085609436035,6.986050605773926,-10.813204765319824,6.791204452514648,-11.727091789245605,4.397388458251953,-6.039440631866455,1.966113567352295,-12.320322036743164,3.2538933753967285,-8.809823989868164,-3.379920721054077,blues
blues.00071.wav,0.3052622079849243,2429.2609341606344,2286.6252810980545,5065.0277058037445,0.13468663832720587,-89.35790252685547,93.78604888916016,-14.57453727722168,54.39165115356445,-33.50838088989258,19.42099380493164,-19.761600494384766,13.026320457458496,-13.865957260131836,14.607765197753906,-14.969527244567871,10.5855712890625,-18.026935577392578,6.654246807098389,-10.204747200012207,6.527643203735352,-10.846744537353516,3.3194236755371094,-6.189024448394775,2.994840621948242,blues
blues.00072.wav,0.30692827701568604,2595.5380060987645,2519.2961185904483,5660.407438957285,0.12924562814434984,-118.66523742675781,87.60095977783203,6.563413619995117,45.09428405761719,-38.90345001220703,20.815967559814453,-26.852989196777344,13.791709899902344,-17.234159469604492,5.1049909591674805,-15.705421447753906,3.9784128665924072,-27.542308807373047,3.0504884719848633,-15.94697380065918,10.868559837341309,-12.646965980529785,2.8207478523254395,-13.337095260620117,-4.3755388259887695,blues
blues.00073.wav,0.34186503291130066,2094.919419623132,2158.335962881856,4482.4478952508225,0.10056968665344428,-30.09457015991211,103.73229217529297,-19.75423812866211,56.40476989746094,-12.710988998413086,20.187999725341797,-17.34037971496582,16.29243278503418,-18.439598083496094,8.924174308776855,-11.648016929626465,11.213471412658691,-8.842510223388672,9.090301513671875,-3.579252004623413,4.372714519500732,-2.8308067321777344,4.725089073181152,0.48505809903144836,1.4759546518325806,blues
blues.00074.wav,0.3671571612358093,2515.864860951187,2531.4491585109317,5771.631766398994,0.12091612446787926,-56.00445556640625,87.83711242675781,-1.598438024520874,41.206783294677734,-5.615633487701416,27.782258987426758,-24.000333786010742,21.76587677001953,-18.4279727935791,12.324176788330078,-13.717416763305664,11.84904956817627,-3.977552652359009,7.09808874130249,-4.465407848358154,5.120333194732666,-6.6489105224609375,5.869997978210449,-3.6964361667633057,-1.9659807682037354,blues
blues.00075.wav,0.46643587946891785,2225.216647159957,2255.1950050803102,4703.188227130901,0.10858664497871517,-86.35233306884766,92.67524719238281,-15.37740707397461,54.05976867675781,0.8832093477249146,31.563926696777344,-14.615397453308105,23.320064544677734,-14.975419998168945,15.335823059082031,-7.047201633453369,12.18127155303955,-6.0976243019104,7.025419235229492,-5.805347919464111,7.432127952575684,-6.075141906738281,3.382990837097168,-4.276933670043945,1.2381927967071533,blues
blues.00076.wav,0.36557531356811523,2645.6816610382457,2426.198511888736,5612.507728600281,0.1364685625483746,-52.69306182861328,74.43028259277344,-18.69243812561035,56.32386779785156,-3.939687490463257,31.97183609008789,-16.459636688232422,22.409400939941406,-12.257827758789062,27.216745376586914,-9.23317813873291,7.792498588562012,-10.561925888061523,6.946955680847168,-9.1278657913208,13.02009105682373,-9.854001998901367,3.6894595623016357,-4.947725772857666,4.426065444946289,blues
blues.00077.wav,0.40887564420700073,2206.7712464152564,2191.4735056963423,4657.388504075561,0.11152578064531733,-29.010990142822266,104.53292083740234,-30.974206924438477,38.15638732910156,-7.991166114807129,30.888568878173828,-20.597827911376953,25.829105377197266,-12.953563690185547,16.941484451293945,-12.265393257141113,10.786453247070312,-10.55881118774414,6.877708911895752,-10.2948579788208,6.967845439910889,-10.256098747253418,0.7050143480300903,-6.0007219314575195,1.3489550352096558,blues
blues.00078.wav,0.4141884744167328,2333.685107801082,2227.425608826532,4942.811778160071,0.12386319659442724,-2.524338483810425,101.25271606445312,-33.92438507080078,41.51688766479492,-13.8049955368042,31.919870376586914,-21.86482048034668,24.45844078063965,-15.880980491638184,15.78935432434082,-14.366657257080078,12.506608009338379,-13.368823051452637,6.112817287445068,-9.065890312194824,5.033773899078369,-11.330277442932129,3.166534423828125,-4.567591190338135,-4.0336222648620605,blues
blues.00079.wav,0.4214945137500763,2443.2982076738144,2358.443292548332,5267.60148086784,0.12473545133513932,-3.528043746948242,92.91431427001953,-25.110401153564453,45.177696228027344,-10.861859321594238,31.85436248779297,-18.049331665039062,28.619508743286133,-10.22403335571289,14.666930198669434,-14.899713516235352,14.742996215820312,-15.600666046142578,9.548171043395996,-14.788736343383789,2.0678560733795166,-13.821131706237793,3.5636167526245117,-5.965994834899902,-1.649997591972351,blues
blues.00080.wav,0.368158221244812,1827.1480357085582,1898.717123611609,3743.6190295145607,0.09403873597136223,-54.72768783569336,119.47319793701172,-34.8455810546875,37.52878952026367,-15.874041557312012,22.068437576293945,-14.655403137207031,18.519847869873047,-9.629923820495605,11.255999565124512,-11.723005294799805,11.53546142578125,-6.421255111694336,1.7880866527557373,-5.874568939208984,0.3709390461444855,-9.066487312316895,-2.021231174468994,-5.417519569396973,0.024243546649813652,blues
blues.00081.wav,0.3802601993083954,2116.9429590051586,1956.611056223321,4196.10796004257,0.12727247303115324,-26.929784774780273,107.33401489257812,-46.80998992919922,40.93263244628906,-21.463775634765625,24.816272735595703,-18.945571899414062,15.253458976745605,-15.050104141235352,12.262822151184082,-15.234051704406738,14.3366117477417,-13.82176685333252,7.562788963317871,-6.181373119354248,0.33016541600227356,-6.829570770263672,0.9659225344657898,-7.570825099945068,2.9189867973327637,blues
blues.00082.wav,0.33889609575271606,2141.4616556443475,2168.015560041204,4627.997015135207,0.10515129160216719,-29.362092971801758,108.6679458618164,-25.573163986206055,38.42947006225586,-18.325090408325195,21.78109359741211,-25.16165542602539,22.387048721313477,-17.6041259765625,14.660118103027344,-12.078505516052246,5.456503868103027,-7.687711715698242,7.410599231719971,-11.31917667388916,7.229288101196289,-9.466550827026367,1.9300591945648193,-6.328475475311279,-1.3048125505447388,blues
blues.00083.wav,0.42729440331459045,2314.748478923844,2261.694349187705,5036.169546971749,0.11795053393479102,-19.86714744567871,98.89781188964844,-24.47780990600586,49.59175491333008,-16.202192306518555,30.20445442199707,-18.029300689697266,27.562143325805664,-11.4053373336792,14.88330078125,-8.911967277526855,11.674802780151367,-10.887060165405273,9.315447807312012,-5.833090305328369,9.26136302947998,-4.050387859344482,3.255898952484131,-3.466851234436035,2.3807849884033203,blues
blues.00084.wav,0.39625832438468933,2061.1507350613706,2085.1594475651855,4221.149475286619,0.11339689555921052,-38.965938568115234,112.03983306884766,-31.817035675048828,38.2408332824707,-6.320413589477539,23.33153533935547,-18.77845573425293,23.931795120239258,-10.936107635498047,13.233850479125977,-14.381296157836914,13.327048301696777,-10.921601295471191,9.795614242553711,-5.031277179718018,7.200983047485352,-6.754969120025635,2.663612127304077,-4.380429744720459,0.4140546917915344,blues
blues.00085.wav,0.31536296010017395,1312.3081994305708,1673.9156134044704,2638.117380998452,0.059416496347716716,-180.12359619140625,131.42027282714844,0.5661874413490295,43.152923583984375,14.135186195373535,25.62855339050293,-5.313080310821533,12.040289878845215,-13.536840438842773,-1.0909931659698486,-7.60567569732666,2.71805477142334,0.7725880742073059,1.9975883960723877,-6.093858242034912,3.4840424060821533,-8.34147834777832,3.204648733139038,-0.9269435405731201,-2.2436864376068115,blues
blues.00086.wav,0.36586493253707886,1245.6093950200716,1634.4150288075834,2517.6847759046054,0.04882661329334365,-212.79037475585938,139.057373046875,9.459221839904785,35.44129180908203,12.717558860778809,20.413841247558594,-5.5702223777771,10.885778427124023,-8.735098838806152,8.054605484008789,0.1667279750108719,2.6407175064086914,-1.025016188621521,-1.4069322347640991,-4.704801559448242,1.1386137008666992,-9.472100257873535,-2.1873130798339844,-4.100536346435547,-3.3527839183807373,blues
blues.00087.wav,0.3367730975151062,1442.190270579292,1870.534155088231,3083.4146883465555,0.050889337025928794,-155.5049285888672,125.63886260986328,1.596553087234497,45.80451965332031,0.9007786512374878,25.367563247680664,-10.787496566772461,15.566378593444824,-11.920467376708984,1.264440655708313,-6.649820804595947,-0.7928929924964905,-7.7480573654174805,0.4135480523109436,-7.030261993408203,3.997678756713867,-6.2566118240356445,0.9582270383834839,2.0198214054107666,-5.742188453674316,blues
blues.00088.wav,0.37797731161117554,1006.7589621973704,1530.4370614843638,2074.679121365857,0.03206556574109907,-194.25453186035156,151.85714721679688,-1.1972694396972656,39.198062896728516,16.58161163330078,18.25757598876953,-1.396667718887329,14.883663177490234,-11.6176118850708,2.4517087936401367,-5.080099105834961,3.9460184574127197,-0.9004499316215515,0.638455867767334,-8.354743003845215,-7.515804290771484,-8.049328804016113,-5.410956859588623,-2.5356879234313965,0.12851202487945557,blues
blues.00089.wav,0.34855350852012634,798.2661855621578,1285.2012403870258,1453.8828752358263,0.025639678671633127,-347.0169372558594,139.27049255371094,24.174419403076172,22.19382095336914,18.695711135864258,11.665295600891113,9.0360689163208,6.951591968536377,-2.0151991844177246,5.426168918609619,1.6759133338928223,-2.3495829105377197,3.1972947120666504,0.6887282729148865,-3.091588258743286,-2.107177972793579,-2.213318347930908,-4.577962398529053,-4.726822376251221,0.06600281596183777,blues
blues.00090.wav,0.3776877522468567,1613.3157252262965,1972.202261498291,3470.4040149417087,0.058235853449109906,-177.49075317382812,115.34609985351562,9.969871520996094,54.051326751708984,7.6169352531433105,28.314298629760742,-9.058338165283203,20.05525779724121,-15.045015335083008,6.224081993103027,-5.689818382263184,1.3842427730560303,-5.837235450744629,5.016451835632324,-0.748612642288208,5.065468788146973,-5.0848798751831055,-2.795499324798584,2.435523748397827,-5.375209331512451,blues
blues.00091.wav,0.42192184925079346,991.1644174915215,1396.5236857962016,1943.1215835429566,0.03605269204721362,-236.36099243164062,161.69741821289062,-1.135941505432129,27.271116256713867,9.595982551574707,20.604881286621094,0.24190254509449005,13.790565490722656,-0.49592629075050354,10.182136535644531,-4.452852725982666,5.509445667266846,-3.7133255004882812,-0.8954970240592957,-4.900800704956055,-2.866824150085449,-3.761340856552124,-3.3457071781158447,-2.4103496074676514,-3.7801449298858643,blues
blues.00092.wav,0.3910099267959595,918.4054526566979,1437.609189426242,1599.673660325561,0.03231802075270898,-332.4823303222656,128.04293823242188,28.936689376831055,41.82835006713867,31.28125,23.35307502746582,5.816308975219727,8.992064476013184,-3.8466274738311768,3.7334837913513184,-0.8589871525764465,-0.4242172837257385,1.4956098794937134,-1.5557738542556763,-0.8370871543884277,2.1564559936523438,-3.899822235107422,-4.198855876922607,-5.9301018714904785,-3.4344286918640137,blues
blues.00093.wav,0.37769046425819397,569.9307210492512,995.4071254153657,927.4277253047601,0.021700549051857584,-350.4361877441406,169.54574584960938,31.82037353515625,16.68283462524414,28.710145950317383,19.256975173950195,7.863394737243652,10.036764144897461,4.735106468200684,2.907465696334839,3.9155526161193848,1.8216896057128906,-5.97089147567749,-5.259566783905029,-0.22921082377433777,-1.7768499851226807,-3.7137508392333984,0.18159106373786926,2.072390079498291,-2.8962247371673584,blues
blues.00094.wav,0.3766867220401764,1239.3372282343373,1659.4664703824967,2517.6181096410605,0.05090785543246904,-206.2784423828125,126.6274642944336,10.585206031799316,43.22316360473633,12.50148868560791,19.42500114440918,0.3573831021785736,12.738807678222656,-4.572329521179199,4.050816535949707,-4.413952350616455,3.6594088077545166,-1.448480486869812,-1.695150375366211,-7.157464027404785,1.1711140871047974,-6.221973896026611,0.6007030606269836,-1.6050947904586792,-0.5287740230560303,blues
blues.00095.wav,0.36997249722480774,1388.39474862631,1772.8543804625165,2754.525010430776,0.05714742465654025,-130.553955078125,139.9770965576172,-1.2691465616226196,39.32365036010742,-6.351805686950684,19.769088745117188,-11.213042259216309,27.246105194091797,-16.532665252685547,7.031402587890625,-1.1971619129180908,1.6117578744888306,-6.628305912017822,4.952239990234375,-1.6333262920379639,0.9566600322723389,-4.840757369995117,-5.966954708099365,-2.7821872234344482,-6.494001388549805,blues
blues.00096.wav,0.2605738043785095,1132.3406288744395,1582.4920466586439,2065.4791769966623,0.048313766810178016,-314.5827941894531,139.92674255371094,11.865850448608398,30.113311767578125,-7.5497636795043945,14.914178848266602,-2.6995625495910645,6.707930088043213,-6.3916015625,2.819350242614746,-11.715414047241211,2.0774803161621094,-11.442501068115234,-9.504388809204102,-15.185495376586914,-9.355571746826172,-5.672771453857422,1.5647728443145752,0.8909356594085693,-7.960376739501953,blues
blues.00097.wav,0.3751581907272339,1236.574280127488,1602.3091243224771,2604.15091972233,0.04462595842202012,-148.63917541503906,145.74630737304688,-9.363638877868652,48.453765869140625,10.557435989379883,18.006431579589844,-2.6260480880737305,16.955490112304688,-11.51266098022461,8.724416732788086,-8.16455078125,3.2306923866271973,-0.6670597791671753,-0.7277913093566895,-6.821160793304443,-3.9425461292266846,-15.73936939239502,-5.604686737060547,-5.802769660949707,-0.04872892051935196,blues
blues.00098.wav,0.4429723024368286,2310.280604027964,2206.7109355032635,4829.320797757837,0.12842590520994582,-90.677490234375,100.09313201904297,-23.91626739501953,52.58112335205078,-20.916391372680664,31.494152069091797,-11.203328132629395,20.08538246154785,-10.909220695495605,17.556228637695312,-14.092525482177734,12.988066673278809,-11.415390968322754,2.906069040298462,-12.012914657592773,4.822585582733154,-11.156673431396484,1.159211277961731,-3.9139564037323,3.250427007675171,blues
blues.00099.wav,0.37027865648269653,1538.8173375009883,1703.5073822914849,3175.272466228473,0.07479924535603716,-177.16586303710938,136.22158813476562,-26.91518211364746,36.37628936767578,-18.760828018188477,20.909631729125977,-1.7780920267105103,3.0130114555358887,-5.600872993469238,5.638467788696289,-8.117091178894043,5.642528057098389,-10.790226936340332,-2.416264057159424,-6.943610191345215,-2.507237672805786,-5.203641891479492,-3.407660484313965,-3.246501922607422,-2.681820869445801,blues
classical.00000.wav,0.2523910701274872,1505.2990118015814,1558.9528490936896,2717.0085706208883,0.09824505974264706,-268.15594482421875,135.6895751953125,-34.07062911987305,25.630828857421875,-12.969511985778809,17.891944885253906,-9.996481895446777,5.628051280975342,-14.142415046691895,7.498351573944092,-3.961599588394165,8.26125431060791,-1.3529329299926758,-0.38225772976875305,1.0317637920379639,3.807187080383301,-0.3037964105606079,1.7785569429397583,0.8903274536132812,-0.8378844857215881,classical
classical.00001.wav,0.21506379544734955,1360.4083538769614,1441.143830985568,2387.2188981472523,0.0877715781008127,-324.0587463378906,133.61004638671875,-25.03110122680664,24.56755256652832,-11.933687210083008,17.662527084350586,-5.530693531036377,1.7166861295700073,-10.569640159606934,-0.8459784388542175,-7.798112869262695,3.522399663925171,5.0417351722717285,1.3618338108062744,3.0033457279205322,-3.1248626708984375,-4.291533470153809,0.5912182927131653,2.8719730377197266,0.3662704527378082,classical
classical.00002.wav,0.2778652310371399,1490.0348101512677,1599.9591017638193,2784.9164933243032,0.09004972003192724,-235.25579833984375,141.12818908691406,-34.66685485839844,30.97923469543457,-16.3779354095459,23.111984252929688,-11.031445503234863,7.63946533203125,-19.008243560791016,4.235649585723877,-11.820916175842285,8.909784317016602,-1.4338719844818115,4.281025409698486,1.4821399450302124,3.187974691390991,-1.3095183372497559,2.929819107055664,-1.6610032320022583,-2.8966658115386963,classical
classical.00003.wav,0.23423604667186737,1526.6470666771077,1499.5326169159782,2915.9740341706174,0.10895172213622291,-326.8648376464844,127.39130401611328,-30.59609603881836,37.46879959106445,-5.296102523803711,20.810871124267578,-1.7786439657211304,-4.604763031005859,-4.054473400115967,5.228940963745117,-0.6458985805511475,2.8076393604278564,7.252176284790039,3.9806387424468994,-2.389035701751709,1.4909688234329224,0.5834441184997559,-0.6105862259864807,2.3344686031341553,2.6497421264648438,classical
classical.00004.wav,0.22317081689834595,1705.7046109371424,1646.2929709871446,3175.7391300732875,0.1128666644494969,-259.90997314453125,118.93929290771484,-35.61185073852539,31.977632522583008,-16.529281616210938,10.622127532958984,-15.651277542114258,7.435394287109375,-5.812291145324707,8.267930030822754,-18.012741088867188,-1.1968321800231934,-6.347265243530273,2.7614517211914062,-2.59257435798645,4.38480806350708,-4.136895656585693,-4.779472827911377,-4.772360324859619,-4.608322620391846,classical
classical.00005.wav,0.2685815691947937,1431.4275607948398,1558.3881491925486,2836.6578471180824,0.07523877406636997,-264.2473449707031,138.14891052246094,-30.094566345214844,37.815589904785156,-7.173774242401123,6.776308059692383,-11.798504829406738,4.712850570678711,-9.830426216125488,5.849233150482178,-9.574090957641602,2.6678669452667236,-4.791534900665283,-1.4049915075302124,-2.0943422317504883,2.9842092990875244,3.3614771366119385,4.814610958099365,1.7617614269256592,-1.826767086982727,classical
classical.00006.wav,0.26148927211761475,1372.825806692258,1579.3098868178868,2737.933444091041,0.07292321739551083,-295.702880859375,134.53509521484375,-22.447181701660156,40.74152374267578,-5.877058029174805,9.267066955566406,-11.864937782287598,6.293622016906738,-8.86072063446045,4.400859355926514,-9.373817443847656,4.0623698234558105,1.62809157371521,5.138569355010986,5.442816734313965,2.285079002380371,-1.816668152809143,-2.923229455947876,0.13503487408161163,3.1974360942840576,classical
classical.00007.wav,0.2765291929244995,1358.918358314813,1516.2085229561187,2667.9005342371324,0.07314694998065016,-286.83843994140625,135.91944885253906,-24.437114715576172,36.648643493652344,-6.2344560623168945,6.954075336456299,-8.1627779006958,3.839327573776245,-4.390523910522461,6.429920196533203,-4.12374210357666,1.5436681509017944,-4.346956729888916,-3.0189778804779053,-0.00531412148848176,5.652413845062256,3.437009811401367,2.830977201461792,1.0971744060516357,-0.2943045198917389,classical
classical.00008.wav,0.2547735869884491,1516.6262193385692,1629.5007047891386,2973.7820179469813,0.07878788336880804,-292.1282958984375,127.76905059814453,-29.90104103088379,37.4301872253418,-9.54702377319336,5.113703727722168,-13.811694145202637,7.026101112365723,-7.03017520904541,6.489696979522705,-9.906081199645996,4.709106922149658,0.3772059679031372,1.4643332958221436,3.3936734199523926,6.076538562774658,0.9634284377098083,-0.7536594867706299,-2.1053123474121094,0.7551324367523193,classical
classical.00009.wav,0.2704782485961914,1216.2937624027388,1582.801550966995,2560.2595184609618,0.05627025686919505,-356.1422119140625,139.80580139160156,-6.278478145599365,43.17628479003906,-8.859081268310547,11.042576789855957,-8.373958587646484,4.4157562255859375,-8.290999412536621,8.676971435546875,-8.13815975189209,3.4242939949035645,-1.4383350610733032,-0.419472336769104,-1.7267191410064697,-0.2836304306983948,-0.6535378098487854,1.160549283027649,-0.6248409152030945,-0.2575317919254303,classical
classical.00010.wav,0.24501509964466095,1497.196639303261,1570.533625176997,2868.1493233601004,0.08621640987809598,-315.0127258300781,128.7296142578125,-28.923030853271484,30.837600708007812,-8.995137214660645,7.980527877807617,-9.84743881225586,1.4504839181900024,-8.96462345123291,6.052196979522705,-3.320049524307251,7.604282855987549,3.793344020843506,2.932729721069336,1.8383715152740479,5.208351135253906,1.0746670961380005,0.14240437746047974,-4.536049842834473,-2.303605318069458,classical
classical.00011.wav,0.24305638670921326,949.4608319703761,1112.2454130054753,1695.881411903783,0.06072601223877709,-385.2468566894531,177.2567901611328,-9.321699142456055,24.37734031677246,5.833106994628906,-4.560811519622803,-6.349945068359375,-6.982059955596924,-4.130705833435059,3.85176420211792,-0.3556199073791504,-0.9341360926628113,-3.658646821975708,-2.1045589447021484,3.6465394496917725,0.7222499847412109,-1.2262980937957764,-0.7474154233932495,2.7958648204803467,1.5541764497756958,classical
